unfiltered_image_102815,https://testoriginalurlimage.s3.ap-south-1.amazonaws.com/Final_JPG_Images_Ready_To_Upload/crop_header_34/unfiltered_image_102815.jpg
unfiltered_image_11404,https://testoriginalurlimage.s3.ap-south-1.amazonaws.com/Final_JPG_Images_Ready_To_Upload/crop_header_34/unfiltered_image_11404.jpg
unfiltered_image_12236,https://testoriginalurlimage.s3.ap-south-1.amazonaws.com/Final_JPG_Images_Ready_To_Upload/crop_header_34/unfiltered_image_12236.jpg
unfiltered_image_12279,https://testoriginalurlimage.s3.ap-south-1.amazonaws.com/Final_JPG_Images_Ready_To_Upload/crop_header_34/unfiltered_image_12279.0?wx_fmt=jpeg
unfiltered_image_12535,https://testoriginalurlimage.s3.ap-south-1.amazonaws.com/Final_JPG_Images_Ready_To_Upload/crop_header_34/unfiltered_image_12535.cn%2fmmbiz_jpg%2fg7qpofykemstllqwtutqp3ix2368icvelqdfwpwjtiadssymajzkcqukiafpcnttvuf9gck6z6libjshntibdqrxxzq%2f640%3fwx_fmt%3djpeg
unfiltered_image_13251,https://testoriginalurlimage.s3.ap-south-1.amazonaws.com/Final_JPG_Images_Ready_To_Upload/crop_header_34/unfiltered_image_13251.jpg
unfiltered_image_15222,https://testoriginalurlimage.s3.ap-south-1.amazonaws.com/Final_JPG_Images_Ready_To_Upload/crop_header_34/unfiltered_image_15222.jpg
unfiltered_image_15741,https://testoriginalurlimage.s3.ap-south-1.amazonaws.com/Final_JPG_Images_Ready_To_Upload/crop_header_34/unfiltered_image_15741.jpg
unfiltered_image_16060,https://testoriginalurlimage.s3.ap-south-1.amazonaws.com/Final_JPG_Images_Ready_To_Upload/crop_header_34/unfiltered_image_16060.jpg
unfiltered_image_19449,https://testoriginalurlimage.s3.ap-south-1.amazonaws.com/Final_JPG_Images_Ready_To_Upload/crop_header_34/unfiltered_image_19449.jpg
unfiltered_image_20020,https://testoriginalurlimage.s3.ap-south-1.amazonaws.com/Final_JPG_Images_Ready_To_Upload/crop_header_34/unfiltered_image_20020.jpg
unfiltered_image_20156,https://testoriginalurlimage.s3.ap-south-1.amazonaws.com/Final_JPG_Images_Ready_To_Upload/crop_header_34/unfiltered_image_20156.jpg
unfiltered_image_2033,https://testoriginalurlimage.s3.ap-south-1.amazonaws.com/Final_JPG_Images_Ready_To_Upload/crop_header_34/unfiltered_image_2033.jpg
unfiltered_image_20482,https://testoriginalurlimage.s3.ap-south-1.amazonaws.com/Final_JPG_Images_Ready_To_Upload/crop_header_34/unfiltered_image_20482.jpg
unfiltered_image_20654,https://testoriginalurlimage.s3.ap-south-1.amazonaws.com/Final_JPG_Images_Ready_To_Upload/crop_header_34/unfiltered_image_20654.jpg
unfiltered_image_20716,https://testoriginalurlimage.s3.ap-south-1.amazonaws.com/Final_JPG_Images_Ready_To_Upload/crop_header_34/unfiltered_image_20716.jpg
unfiltered_image_21072,https://testoriginalurlimage.s3.ap-south-1.amazonaws.com/Final_JPG_Images_Ready_To_Upload/crop_header_34/unfiltered_image_21072.jpg
unfiltered_image_21229,https://testoriginalurlimage.s3.ap-south-1.amazonaws.com/Final_JPG_Images_Ready_To_Upload/crop_header_34/unfiltered_image_21229.jpg
unfiltered_image_21317,https://testoriginalurlimage.s3.ap-south-1.amazonaws.com/Final_JPG_Images_Ready_To_Upload/crop_header_34/unfiltered_image_21317.jpg
unfiltered_image_21547,https://testoriginalurlimage.s3.ap-south-1.amazonaws.com/Final_JPG_Images_Ready_To_Upload/crop_header_34/unfiltered_image_21547.jpg?auto=format&q=50
unfiltered_image_2180,https://testoriginalurlimage.s3.ap-south-1.amazonaws.com/Final_JPG_Images_Ready_To_Upload/crop_header_34/unfiltered_image_2180.jpg
unfiltered_image_24923,https://testoriginalurlimage.s3.ap-south-1.amazonaws.com/Final_JPG_Images_Ready_To_Upload/crop_header_34/unfiltered_image_24923.jpg
unfiltered_image_26323,https://testoriginalurlimage.s3.ap-south-1.amazonaws.com/Final_JPG_Images_Ready_To_Upload/crop_header_34/unfiltered_image_26323.jpg
unfiltered_image_27819,https://testoriginalurlimage.s3.ap-south-1.amazonaws.com/Final_JPG_Images_Ready_To_Upload/crop_header_34/unfiltered_image_27819.jpg
unfiltered_image_28240,https://testoriginalurlimage.s3.ap-south-1.amazonaws.com/Final_JPG_Images_Ready_To_Upload/crop_header_34/unfiltered_image_28240.jpg?fit=1840%2c2760&ssl=1
unfiltered_image_28543,https://testoriginalurlimage.s3.ap-south-1.amazonaws.com/Final_JPG_Images_Ready_To_Upload/crop_header_34/unfiltered_image_28543.jpg
unfiltered_image_29007,https://testoriginalurlimage.s3.ap-south-1.amazonaws.com/Final_JPG_Images_Ready_To_Upload/crop_header_34/unfiltered_image_29007.jpg
unfiltered_image_29541,https://testoriginalurlimage.s3.ap-south-1.amazonaws.com/Final_JPG_Images_Ready_To_Upload/crop_header_34/unfiltered_image_29541.jpg
unfiltered_image_29676,https://testoriginalurlimage.s3.ap-south-1.amazonaws.com/Final_JPG_Images_Ready_To_Upload/crop_header_34/unfiltered_image_29676.jpg
unfiltered_image_29720,https://testoriginalurlimage.s3.ap-south-1.amazonaws.com/Final_JPG_Images_Ready_To_Upload/crop_header_34/unfiltered_image_29720.jpg
unfiltered_image_300197,https://testoriginalurlimage.s3.ap-south-1.amazonaws.com/Final_JPG_Images_Ready_To_Upload/crop_header_34/unfiltered_image_300197.jpeg
unfiltered_image_300229,https://testoriginalurlimage.s3.ap-south-1.amazonaws.com/Final_JPG_Images_Ready_To_Upload/crop_header_34/unfiltered_image_300229.jpg
unfiltered_image_300232,https://testoriginalurlimage.s3.ap-south-1.amazonaws.com/Final_JPG_Images_Ready_To_Upload/crop_header_34/unfiltered_image_300232.jpg
unfiltered_image_300243,https://testoriginalurlimage.s3.ap-south-1.amazonaws.com/Final_JPG_Images_Ready_To_Upload/crop_header_34/unfiltered_image_300243.jpg
unfiltered_image_300259,https://testoriginalurlimage.s3.ap-south-1.amazonaws.com/Final_JPG_Images_Ready_To_Upload/crop_header_34/unfiltered_image_300259.jpeg
unfiltered_image_300262,https://testoriginalurlimage.s3.ap-south-1.amazonaws.com/Final_JPG_Images_Ready_To_Upload/crop_header_34/unfiltered_image_300262.jpg
unfiltered_image_300267,https://testoriginalurlimage.s3.ap-south-1.amazonaws.com/Final_JPG_Images_Ready_To_Upload/crop_header_34/unfiltered_image_300267.jpg
unfiltered_image_300277,https://testoriginalurlimage.s3.ap-south-1.amazonaws.com/Final_JPG_Images_Ready_To_Upload/crop_header_34/unfiltered_image_300277.jpg
unfiltered_image_300304,https://testoriginalurlimage.s3.ap-south-1.amazonaws.com/Final_JPG_Images_Ready_To_Upload/crop_header_34/unfiltered_image_300304.jpg
unfiltered_image_300333,https://testoriginalurlimage.s3.ap-south-1.amazonaws.com/Final_JPG_Images_Ready_To_Upload/crop_header_34/unfiltered_image_300333.jpg
unfiltered_image_300370,https://testoriginalurlimage.s3.ap-south-1.amazonaws.com/Final_JPG_Images_Ready_To_Upload/crop_header_34/unfiltered_image_300370.jpg
unfiltered_image_300415,https://testoriginalurlimage.s3.ap-south-1.amazonaws.com/Final_JPG_Images_Ready_To_Upload/crop_header_34/unfiltered_image_300415.jpg
unfiltered_image_300434,https://testoriginalurlimage.s3.ap-south-1.amazonaws.com/Final_JPG_Images_Ready_To_Upload/crop_header_34/unfiltered_image_300434.jpeg
unfiltered_image_300440,https://testoriginalurlimage.s3.ap-south-1.amazonaws.com/Final_JPG_Images_Ready_To_Upload/crop_header_34/unfiltered_image_300440.jpg
unfiltered_image_300445,https://testoriginalurlimage.s3.ap-south-1.amazonaws.com/Final_JPG_Images_Ready_To_Upload/crop_header_34/unfiltered_image_300445.jpg
unfiltered_image_300450,https://testoriginalurlimage.s3.ap-south-1.amazonaws.com/Final_JPG_Images_Ready_To_Upload/crop_header_34/unfiltered_image_300450.jpg
unfiltered_image_300473,https://testoriginalurlimage.s3.ap-south-1.amazonaws.com/Final_JPG_Images_Ready_To_Upload/crop_header_34/unfiltered_image_300473.jpg
unfiltered_image_300488,https://testoriginalurlimage.s3.ap-south-1.amazonaws.com/Final_JPG_Images_Ready_To_Upload/crop_header_34/unfiltered_image_300488.jpg
unfiltered_image_300510,https://testoriginalurlimage.s3.ap-south-1.amazonaws.com/Final_JPG_Images_Ready_To_Upload/crop_header_34/unfiltered_image_300510.jpg
unfiltered_image_300519,https://testoriginalurlimage.s3.ap-south-1.amazonaws.com/Final_JPG_Images_Ready_To_Upload/crop_header_34/unfiltered_image_300519.jpg
unfiltered_image_300520,https://testoriginalurlimage.s3.ap-south-1.amazonaws.com/Final_JPG_Images_Ready_To_Upload/crop_header_34/unfiltered_image_300520.jpg
unfiltered_image_300533,https://testoriginalurlimage.s3.ap-south-1.amazonaws.com/Final_JPG_Images_Ready_To_Upload/crop_header_34/unfiltered_image_300533.jpg
unfiltered_image_300542,https://testoriginalurlimage.s3.ap-south-1.amazonaws.com/Final_JPG_Images_Ready_To_Upload/crop_header_34/unfiltered_image_300542.jpeg
unfiltered_image_300552,https://testoriginalurlimage.s3.ap-south-1.amazonaws.com/Final_JPG_Images_Ready_To_Upload/crop_header_34/unfiltered_image_300552.jpg?resize=800%2c1200&ssl=1
unfiltered_image_300587,https://testoriginalurlimage.s3.ap-south-1.amazonaws.com/Final_JPG_Images_Ready_To_Upload/crop_header_34/unfiltered_image_300587.jpg
unfiltered_image_300588,https://testoriginalurlimage.s3.ap-south-1.amazonaws.com/Final_JPG_Images_Ready_To_Upload/crop_header_34/unfiltered_image_300588.jpeg
unfiltered_image_300610,https://testoriginalurlimage.s3.ap-south-1.amazonaws.com/Final_JPG_Images_Ready_To_Upload/crop_header_34/unfiltered_image_300610.jpg
unfiltered_image_300650,https://testoriginalurlimage.s3.ap-south-1.amazonaws.com/Final_JPG_Images_Ready_To_Upload/crop_header_34/unfiltered_image_300650.jpg
unfiltered_image_300658,https://testoriginalurlimage.s3.ap-south-1.amazonaws.com/Final_JPG_Images_Ready_To_Upload/crop_header_34/unfiltered_image_300658.jpeg
unfiltered_image_300659,https://testoriginalurlimage.s3.ap-south-1.amazonaws.com/Final_JPG_Images_Ready_To_Upload/crop_header_34/unfiltered_image_300659.jpg
unfiltered_image_300672,https://testoriginalurlimage.s3.ap-south-1.amazonaws.com/Final_JPG_Images_Ready_To_Upload/crop_header_34/unfiltered_image_300672.jpg
unfiltered_image_300674,https://testoriginalurlimage.s3.ap-south-1.amazonaws.com/Final_JPG_Images_Ready_To_Upload/crop_header_34/unfiltered_image_300674.jpg
unfiltered_image_300698,https://testoriginalurlimage.s3.ap-south-1.amazonaws.com/Final_JPG_Images_Ready_To_Upload/crop_header_34/unfiltered_image_300698.0?wx_fmt=jpeg
unfiltered_image_300733,https://testoriginalurlimage.s3.ap-south-1.amazonaws.com/Final_JPG_Images_Ready_To_Upload/crop_header_34/unfiltered_image_300733.jpg?nii=t?t=5d32234799cfe
unfiltered_image_300789,https://testoriginalurlimage.s3.ap-south-1.amazonaws.com/Final_JPG_Images_Ready_To_Upload/crop_header_34/unfiltered_image_300789.jpg?fit=2048%2c3068&ssl=1
unfiltered_image_300792,https://testoriginalurlimage.s3.ap-south-1.amazonaws.com/Final_JPG_Images_Ready_To_Upload/crop_header_34/unfiltered_image_300792.640?wx_fmt=jpeg
unfiltered_image_300808,https://testoriginalurlimage.s3.ap-south-1.amazonaws.com/Final_JPG_Images_Ready_To_Upload/crop_header_34/unfiltered_image_300808.jpg
unfiltered_image_30081,https://testoriginalurlimage.s3.ap-south-1.amazonaws.com/Final_JPG_Images_Ready_To_Upload/crop_header_34/unfiltered_image_30081.jpg
unfiltered_image_300848,https://testoriginalurlimage.s3.ap-south-1.amazonaws.com/Final_JPG_Images_Ready_To_Upload/crop_header_34/unfiltered_image_300848.jpg
unfiltered_image_300866,https://testoriginalurlimage.s3.ap-south-1.amazonaws.com/Final_JPG_Images_Ready_To_Upload/crop_header_34/unfiltered_image_300866.jpg
unfiltered_image_300880,https://testoriginalurlimage.s3.ap-south-1.amazonaws.com/Final_JPG_Images_Ready_To_Upload/crop_header_34/unfiltered_image_300880.jpeg
unfiltered_image_300890,https://testoriginalurlimage.s3.ap-south-1.amazonaws.com/Final_JPG_Images_Ready_To_Upload/crop_header_34/unfiltered_image_300890.jpg?fit=2048%2c3072&ssl=1
unfiltered_image_300908,https://testoriginalurlimage.s3.ap-south-1.amazonaws.com/Final_JPG_Images_Ready_To_Upload/crop_header_34/unfiltered_image_300908.jpg?resize=1514%2c2268&ssl=1
unfiltered_image_300911,https://testoriginalurlimage.s3.ap-south-1.amazonaws.com/Final_JPG_Images_Ready_To_Upload/crop_header_34/unfiltered_image_300911.jpg
unfiltered_image_300930,https://testoriginalurlimage.s3.ap-south-1.amazonaws.com/Final_JPG_Images_Ready_To_Upload/crop_header_34/unfiltered_image_300930.jpeg
unfiltered_image_300946,https://testoriginalurlimage.s3.ap-south-1.amazonaws.com/Final_JPG_Images_Ready_To_Upload/crop_header_34/unfiltered_image_300946.jpg?nii=t
unfiltered_image_300963,https://testoriginalurlimage.s3.ap-south-1.amazonaws.com/Final_JPG_Images_Ready_To_Upload/crop_header_34/unfiltered_image_300963.jpg
unfiltered_image_300969,https://testoriginalurlimage.s3.ap-south-1.amazonaws.com/Final_JPG_Images_Ready_To_Upload/crop_header_34/unfiltered_image_300969.jpg
unfiltered_image_300993,https://testoriginalurlimage.s3.ap-south-1.amazonaws.com/Final_JPG_Images_Ready_To_Upload/crop_header_34/unfiltered_image_300993.jpg
unfiltered_image_300997,https://testoriginalurlimage.s3.ap-south-1.amazonaws.com/Final_JPG_Images_Ready_To_Upload/crop_header_34/unfiltered_image_300997.png
unfiltered_image_301011,https://testoriginalurlimage.s3.ap-south-1.amazonaws.com/Final_JPG_Images_Ready_To_Upload/crop_header_34/unfiltered_image_301011.jpeg
unfiltered_image_301027,https://testoriginalurlimage.s3.ap-south-1.amazonaws.com/Final_JPG_Images_Ready_To_Upload/crop_header_34/unfiltered_image_301027.jpg
unfiltered_image_301065,https://testoriginalurlimage.s3.ap-south-1.amazonaws.com/Final_JPG_Images_Ready_To_Upload/crop_header_34/unfiltered_image_301065.jpg
unfiltered_image_301101,https://testoriginalurlimage.s3.ap-south-1.amazonaws.com/Final_JPG_Images_Ready_To_Upload/crop_header_34/unfiltered_image_301101.jpg
unfiltered_image_301116,https://testoriginalurlimage.s3.ap-south-1.amazonaws.com/Final_JPG_Images_Ready_To_Upload/crop_header_34/unfiltered_image_301116.jpg
unfiltered_image_301126,https://testoriginalurlimage.s3.ap-south-1.amazonaws.com/Final_JPG_Images_Ready_To_Upload/crop_header_34/unfiltered_image_301126.jpg
unfiltered_image_301128,https://testoriginalurlimage.s3.ap-south-1.amazonaws.com/Final_JPG_Images_Ready_To_Upload/crop_header_34/unfiltered_image_301128.bcba25180931e0552718e83e2becc12c
unfiltered_image_301133,https://testoriginalurlimage.s3.ap-south-1.amazonaws.com/Final_JPG_Images_Ready_To_Upload/crop_header_34/unfiltered_image_301133.jpg
unfiltered_image_301144,https://testoriginalurlimage.s3.ap-south-1.amazonaws.com/Final_JPG_Images_Ready_To_Upload/crop_header_34/unfiltered_image_301144.jpg?fit=2048%2c3068&ssl=1
unfiltered_image_301168,https://testoriginalurlimage.s3.ap-south-1.amazonaws.com/Final_JPG_Images_Ready_To_Upload/crop_header_34/unfiltered_image_301168.jpeg
unfiltered_image_301173,https://testoriginalurlimage.s3.ap-south-1.amazonaws.com/Final_JPG_Images_Ready_To_Upload/crop_header_34/unfiltered_image_301173.jpg
unfiltered_image_301212,https://testoriginalurlimage.s3.ap-south-1.amazonaws.com/Final_JPG_Images_Ready_To_Upload/crop_header_34/unfiltered_image_301212.jpg
unfiltered_image_301213,https://testoriginalurlimage.s3.ap-south-1.amazonaws.com/Final_JPG_Images_Ready_To_Upload/crop_header_34/unfiltered_image_301213.jpeg
unfiltered_image_301242,https://testoriginalurlimage.s3.ap-south-1.amazonaws.com/Final_JPG_Images_Ready_To_Upload/crop_header_34/unfiltered_image_301242.png
unfiltered_image_301243,https://testoriginalurlimage.s3.ap-south-1.amazonaws.com/Final_JPG_Images_Ready_To_Upload/crop_header_34/unfiltered_image_301243.jpg
unfiltered_image_301297,https://testoriginalurlimage.s3.ap-south-1.amazonaws.com/Final_JPG_Images_Ready_To_Upload/crop_header_34/unfiltered_image_301297.jpg
unfiltered_image_301298,https://testoriginalurlimage.s3.ap-south-1.amazonaws.com/Final_JPG_Images_Ready_To_Upload/crop_header_34/unfiltered_image_301298.jpeg
unfiltered_image_301302,https://testoriginalurlimage.s3.ap-south-1.amazonaws.com/Final_JPG_Images_Ready_To_Upload/crop_header_34/unfiltered_image_301302.jpeg
unfiltered_image_301366,https://testoriginalurlimage.s3.ap-south-1.amazonaws.com/Final_JPG_Images_Ready_To_Upload/crop_header_34/unfiltered_image_301366.640?wx_fmt=png
unfiltered_image_301374,https://testoriginalurlimage.s3.ap-south-1.amazonaws.com/Final_JPG_Images_Ready_To_Upload/crop_header_34/unfiltered_image_301374.jpg
unfiltered_image_301410,https://testoriginalurlimage.s3.ap-south-1.amazonaws.com/Final_JPG_Images_Ready_To_Upload/crop_header_34/unfiltered_image_301410.jpg?t=5d533cecf1dcf
unfiltered_image_301436,https://testoriginalurlimage.s3.ap-south-1.amazonaws.com/Final_JPG_Images_Ready_To_Upload/crop_header_34/unfiltered_image_301436.jpg
unfiltered_image_301456,https://testoriginalurlimage.s3.ap-south-1.amazonaws.com/Final_JPG_Images_Ready_To_Upload/crop_header_34/unfiltered_image_301456.jpg
unfiltered_image_301469,https://testoriginalurlimage.s3.ap-south-1.amazonaws.com/Final_JPG_Images_Ready_To_Upload/crop_header_34/unfiltered_image_301469.i?r=ayh4irpq2q0otwifepml2lxrkkpcpedfbsm-iyelwqr3gw
unfiltered_image_301528,https://testoriginalurlimage.s3.ap-south-1.amazonaws.com/Final_JPG_Images_Ready_To_Upload/crop_header_34/unfiltered_image_301528.jpg
unfiltered_image_301548,https://testoriginalurlimage.s3.ap-south-1.amazonaws.com/Final_JPG_Images_Ready_To_Upload/crop_header_34/unfiltered_image_301548.jpg
unfiltered_image_301594,https://testoriginalurlimage.s3.ap-south-1.amazonaws.com/Final_JPG_Images_Ready_To_Upload/crop_header_34/unfiltered_image_301594.jpg
unfiltered_image_301650,https://testoriginalurlimage.s3.ap-south-1.amazonaws.com/Final_JPG_Images_Ready_To_Upload/crop_header_34/unfiltered_image_301650.jpg
unfiltered_image_301684,https://testoriginalurlimage.s3.ap-south-1.amazonaws.com/Final_JPG_Images_Ready_To_Upload/crop_header_34/unfiltered_image_301684.jpg
unfiltered_image_301690,https://testoriginalurlimage.s3.ap-south-1.amazonaws.com/Final_JPG_Images_Ready_To_Upload/crop_header_34/unfiltered_image_301690.jpg
unfiltered_image_301741,https://testoriginalurlimage.s3.ap-south-1.amazonaws.com/Final_JPG_Images_Ready_To_Upload/crop_header_34/unfiltered_image_301741.jpg
unfiltered_image_301754,https://testoriginalurlimage.s3.ap-south-1.amazonaws.com/Final_JPG_Images_Ready_To_Upload/crop_header_34/unfiltered_image_301754.jpg
unfiltered_image_301858,https://testoriginalurlimage.s3.ap-south-1.amazonaws.com/Final_JPG_Images_Ready_To_Upload/crop_header_34/unfiltered_image_301858.jpg
unfiltered_image_301983,https://testoriginalurlimage.s3.ap-south-1.amazonaws.com/Final_JPG_Images_Ready_To_Upload/crop_header_34/unfiltered_image_301983.jpg
unfiltered_image_302010,https://testoriginalurlimage.s3.ap-south-1.amazonaws.com/Final_JPG_Images_Ready_To_Upload/crop_header_34/unfiltered_image_302010.jpg
unfiltered_image_302066,https://testoriginalurlimage.s3.ap-south-1.amazonaws.com/Final_JPG_Images_Ready_To_Upload/crop_header_34/unfiltered_image_302066.jpg
unfiltered_image_302084,https://testoriginalurlimage.s3.ap-south-1.amazonaws.com/Final_JPG_Images_Ready_To_Upload/crop_header_34/unfiltered_image_302084.jpg
unfiltered_image_302192,https://testoriginalurlimage.s3.ap-south-1.amazonaws.com/Final_JPG_Images_Ready_To_Upload/crop_header_34/unfiltered_image_302192.jpg
unfiltered_image_302268,https://testoriginalurlimage.s3.ap-south-1.amazonaws.com/Final_JPG_Images_Ready_To_Upload/crop_header_34/unfiltered_image_302268.jpg
unfiltered_image_302281,https://testoriginalurlimage.s3.ap-south-1.amazonaws.com/Final_JPG_Images_Ready_To_Upload/crop_header_34/unfiltered_image_302281.jpeg
unfiltered_image_302306,https://testoriginalurlimage.s3.ap-south-1.amazonaws.com/Final_JPG_Images_Ready_To_Upload/crop_header_34/unfiltered_image_302306.jpg?w=676&h=1014
unfiltered_image_302320,https://testoriginalurlimage.s3.ap-south-1.amazonaws.com/Final_JPG_Images_Ready_To_Upload/crop_header_34/unfiltered_image_302320.jpeg
unfiltered_image_302379,https://testoriginalurlimage.s3.ap-south-1.amazonaws.com/Final_JPG_Images_Ready_To_Upload/crop_header_34/unfiltered_image_302379.jpg?fit=3757%2c4696&ssl=1
unfiltered_image_302536,https://testoriginalurlimage.s3.ap-south-1.amazonaws.com/Final_JPG_Images_Ready_To_Upload/crop_header_34/unfiltered_image_302536.jpg
unfiltered_image_302545,https://testoriginalurlimage.s3.ap-south-1.amazonaws.com/Final_JPG_Images_Ready_To_Upload/crop_header_34/unfiltered_image_302545.jpg
unfiltered_image_302562,https://testoriginalurlimage.s3.ap-south-1.amazonaws.com/Final_JPG_Images_Ready_To_Upload/crop_header_34/unfiltered_image_302562.i?r=ayh4irpq2q0otwifepml2lxrz8-4ylxfwiu8ndlq0j3ina
unfiltered_image_302565,https://testoriginalurlimage.s3.ap-south-1.amazonaws.com/Final_JPG_Images_Ready_To_Upload/crop_header_34/unfiltered_image_302565.jpg
unfiltered_image_302626,https://testoriginalurlimage.s3.ap-south-1.amazonaws.com/Final_JPG_Images_Ready_To_Upload/crop_header_34/unfiltered_image_302626.jpg
unfiltered_image_302680,https://testoriginalurlimage.s3.ap-south-1.amazonaws.com/Final_JPG_Images_Ready_To_Upload/crop_header_34/unfiltered_image_302680.jpg
unfiltered_image_302686,https://testoriginalurlimage.s3.ap-south-1.amazonaws.com/Final_JPG_Images_Ready_To_Upload/crop_header_34/unfiltered_image_302686.jpg
unfiltered_image_302713,https://testoriginalurlimage.s3.ap-south-1.amazonaws.com/Final_JPG_Images_Ready_To_Upload/crop_header_34/unfiltered_image_302713.jpg
unfiltered_image_302725,https://testoriginalurlimage.s3.ap-south-1.amazonaws.com/Final_JPG_Images_Ready_To_Upload/crop_header_34/unfiltered_image_302725.jpg
unfiltered_image_302752,https://testoriginalurlimage.s3.ap-south-1.amazonaws.com/Final_JPG_Images_Ready_To_Upload/crop_header_34/unfiltered_image_302752.0?wx_fmt=jpeg
unfiltered_image_302803,https://testoriginalurlimage.s3.ap-south-1.amazonaws.com/Final_JPG_Images_Ready_To_Upload/crop_header_34/unfiltered_image_302803.jpg?nii=t
unfiltered_image_302864,https://testoriginalurlimage.s3.ap-south-1.amazonaws.com/Final_JPG_Images_Ready_To_Upload/crop_header_34/unfiltered_image_302864.png
unfiltered_image_302868,https://testoriginalurlimage.s3.ap-south-1.amazonaws.com/Final_JPG_Images_Ready_To_Upload/crop_header_34/unfiltered_image_302868.jpg
unfiltered_image_302871,https://testoriginalurlimage.s3.ap-south-1.amazonaws.com/Final_JPG_Images_Ready_To_Upload/crop_header_34/unfiltered_image_302871.jpeg
unfiltered_image_302904,https://testoriginalurlimage.s3.ap-south-1.amazonaws.com/Final_JPG_Images_Ready_To_Upload/crop_header_34/unfiltered_image_302904.640?
unfiltered_image_302907,https://testoriginalurlimage.s3.ap-south-1.amazonaws.com/Final_JPG_Images_Ready_To_Upload/crop_header_34/unfiltered_image_302907.jpg
unfiltered_image_302913,https://testoriginalurlimage.s3.ap-south-1.amazonaws.com/Final_JPG_Images_Ready_To_Upload/crop_header_34/unfiltered_image_302913.jpg?t=5d533cecf1ea9
unfiltered_image_302941,https://testoriginalurlimage.s3.ap-south-1.amazonaws.com/Final_JPG_Images_Ready_To_Upload/crop_header_34/unfiltered_image_302941.jpg
unfiltered_image_302952,https://testoriginalurlimage.s3.ap-south-1.amazonaws.com/Final_JPG_Images_Ready_To_Upload/crop_header_34/unfiltered_image_302952.jpg
unfiltered_image_302961,https://testoriginalurlimage.s3.ap-south-1.amazonaws.com/Final_JPG_Images_Ready_To_Upload/crop_header_34/unfiltered_image_302961.0?wx_fmt=jpeg
unfiltered_image_302972,https://testoriginalurlimage.s3.ap-south-1.amazonaws.com/Final_JPG_Images_Ready_To_Upload/crop_header_34/unfiltered_image_302972.jpg
unfiltered_image_30327,https://testoriginalurlimage.s3.ap-south-1.amazonaws.com/Final_JPG_Images_Ready_To_Upload/crop_header_34/unfiltered_image_30327.jpg
unfiltered_image_33064,https://testoriginalurlimage.s3.ap-south-1.amazonaws.com/Final_JPG_Images_Ready_To_Upload/crop_header_34/unfiltered_image_33064.jpg
unfiltered_image_33844,https://testoriginalurlimage.s3.ap-south-1.amazonaws.com/Final_JPG_Images_Ready_To_Upload/crop_header_34/unfiltered_image_33844.jpg
unfiltered_image_34272,https://testoriginalurlimage.s3.ap-south-1.amazonaws.com/Final_JPG_Images_Ready_To_Upload/crop_header_34/unfiltered_image_34272.jpg
unfiltered_image_35084,https://testoriginalurlimage.s3.ap-south-1.amazonaws.com/Final_JPG_Images_Ready_To_Upload/crop_header_34/unfiltered_image_35084.jpg
unfiltered_image_3518,https://testoriginalurlimage.s3.ap-south-1.amazonaws.com/Final_JPG_Images_Ready_To_Upload/crop_header_34/unfiltered_image_3518.jpg?resize=1000%2c1500&ssl=1
unfiltered_image_35363,https://testoriginalurlimage.s3.ap-south-1.amazonaws.com/Final_JPG_Images_Ready_To_Upload/crop_header_34/unfiltered_image_35363.jpg
unfiltered_image_35375,https://testoriginalurlimage.s3.ap-south-1.amazonaws.com/Final_JPG_Images_Ready_To_Upload/crop_header_34/unfiltered_image_35375.jpg
unfiltered_image_35962,https://testoriginalurlimage.s3.ap-south-1.amazonaws.com/Final_JPG_Images_Ready_To_Upload/crop_header_34/unfiltered_image_35962.jpg
unfiltered_image_38678,https://testoriginalurlimage.s3.ap-south-1.amazonaws.com/Final_JPG_Images_Ready_To_Upload/crop_header_34/unfiltered_image_38678.jpg?resize=683%2c1024&ssl=1
unfiltered_image_39560,https://testoriginalurlimage.s3.ap-south-1.amazonaws.com/Final_JPG_Images_Ready_To_Upload/crop_header_34/unfiltered_image_39560.jpg?resize=1000%2c1500&ssl=1
unfiltered_image_40221,https://testoriginalurlimage.s3.ap-south-1.amazonaws.com/Final_JPG_Images_Ready_To_Upload/crop_header_34/unfiltered_image_40221.jpg
unfiltered_image_40235,https://testoriginalurlimage.s3.ap-south-1.amazonaws.com/Final_JPG_Images_Ready_To_Upload/crop_header_34/unfiltered_image_40235.jpg?fit=2589%2c3373&ssl=1
unfiltered_image_43633,https://testoriginalurlimage.s3.ap-south-1.amazonaws.com/Final_JPG_Images_Ready_To_Upload/crop_header_34/unfiltered_image_43633.jpg?fit=1000%2c1500&ssl=1
unfiltered_image_45190,https://testoriginalurlimage.s3.ap-south-1.amazonaws.com/Final_JPG_Images_Ready_To_Upload/crop_header_34/unfiltered_image_45190.jpg
unfiltered_image_46588,https://testoriginalurlimage.s3.ap-south-1.amazonaws.com/Final_JPG_Images_Ready_To_Upload/crop_header_34/unfiltered_image_46588.640?wx_fmt=jpeg
unfiltered_image_46614,https://testoriginalurlimage.s3.ap-south-1.amazonaws.com/Final_JPG_Images_Ready_To_Upload/crop_header_34/unfiltered_image_46614.jpg
unfiltered_image_46724,https://testoriginalurlimage.s3.ap-south-1.amazonaws.com/Final_JPG_Images_Ready_To_Upload/crop_header_34/unfiltered_image_46724.jpg?t=l2zpdc1pbi82ndb4ma%3d%3d&h=nwsepowneaqdi_yxvmcihw&e=2145916800&v=1
unfiltered_image_46741,https://testoriginalurlimage.s3.ap-south-1.amazonaws.com/Final_JPG_Images_Ready_To_Upload/crop_header_34/unfiltered_image_46741.jpg
unfiltered_image_46747,https://testoriginalurlimage.s3.ap-south-1.amazonaws.com/Final_JPG_Images_Ready_To_Upload/crop_header_34/unfiltered_image_46747.jpg
unfiltered_image_46819,https://testoriginalurlimage.s3.ap-south-1.amazonaws.com/Final_JPG_Images_Ready_To_Upload/crop_header_34/unfiltered_image_46819.jpg
unfiltered_image_46941,https://testoriginalurlimage.s3.ap-south-1.amazonaws.com/Final_JPG_Images_Ready_To_Upload/crop_header_34/unfiltered_image_46941.jpg
unfiltered_image_46971,https://testoriginalurlimage.s3.ap-south-1.amazonaws.com/Final_JPG_Images_Ready_To_Upload/crop_header_34/unfiltered_image_46971.640?wx_fmt=jpeg
unfiltered_image_47932,https://testoriginalurlimage.s3.ap-south-1.amazonaws.com/Final_JPG_Images_Ready_To_Upload/crop_header_34/unfiltered_image_47932.jpeg
unfiltered_image_48910,https://testoriginalurlimage.s3.ap-south-1.amazonaws.com/Final_JPG_Images_Ready_To_Upload/crop_header_34/unfiltered_image_48910.jpg
unfiltered_image_48912,https://testoriginalurlimage.s3.ap-south-1.amazonaws.com/Final_JPG_Images_Ready_To_Upload/crop_header_34/unfiltered_image_48912.jpg
unfiltered_image_48934,https://testoriginalurlimage.s3.ap-south-1.amazonaws.com/Final_JPG_Images_Ready_To_Upload/crop_header_34/unfiltered_image_48934.jpg?resize=667%2c1000
unfiltered_image_48946,https://testoriginalurlimage.s3.ap-south-1.amazonaws.com/Final_JPG_Images_Ready_To_Upload/crop_header_34/unfiltered_image_48946.jpg
unfiltered_image_49169,https://testoriginalurlimage.s3.ap-south-1.amazonaws.com/Final_JPG_Images_Ready_To_Upload/crop_header_34/unfiltered_image_49169.jpg
unfiltered_image_49208,https://testoriginalurlimage.s3.ap-south-1.amazonaws.com/Final_JPG_Images_Ready_To_Upload/crop_header_34/unfiltered_image_49208.jpg
unfiltered_image_4968,https://testoriginalurlimage.s3.ap-south-1.amazonaws.com/Final_JPG_Images_Ready_To_Upload/crop_header_34/unfiltered_image_4968.jpg
unfiltered_image_50412,https://testoriginalurlimage.s3.ap-south-1.amazonaws.com/Final_JPG_Images_Ready_To_Upload/crop_header_34/unfiltered_image_50412.jpg?auto=webp&s=2ead210469229470ab07a4d19e8f323321bbbfb2
unfiltered_image_50988,https://testoriginalurlimage.s3.ap-south-1.amazonaws.com/Final_JPG_Images_Ready_To_Upload/crop_header_34/unfiltered_image_50988.jpg?resize=800%2c1200&ssl=1
unfiltered_image_51390,https://testoriginalurlimage.s3.ap-south-1.amazonaws.com/Final_JPG_Images_Ready_To_Upload/crop_header_34/unfiltered_image_51390.0?wx_fmt=jpeg
unfiltered_image_5141,https://testoriginalurlimage.s3.ap-south-1.amazonaws.com/Final_JPG_Images_Ready_To_Upload/crop_header_34/unfiltered_image_5141.jpg
unfiltered_image_5270,https://testoriginalurlimage.s3.ap-south-1.amazonaws.com/Final_JPG_Images_Ready_To_Upload/crop_header_34/unfiltered_image_5270.jpg?resize=683%2c1024
unfiltered_image_5385,https://testoriginalurlimage.s3.ap-south-1.amazonaws.com/Final_JPG_Images_Ready_To_Upload/crop_header_34/unfiltered_image_5385.jpeg
unfiltered_image_56060,https://testoriginalurlimage.s3.ap-south-1.amazonaws.com/Final_JPG_Images_Ready_To_Upload/crop_header_34/unfiltered_image_56060.jpg
unfiltered_image_56344,https://testoriginalurlimage.s3.ap-south-1.amazonaws.com/Final_JPG_Images_Ready_To_Upload/crop_header_34/unfiltered_image_56344.jpg
unfiltered_image_57133,https://testoriginalurlimage.s3.ap-south-1.amazonaws.com/Final_JPG_Images_Ready_To_Upload/crop_header_34/unfiltered_image_57133.jpg
unfiltered_image_57291,https://testoriginalurlimage.s3.ap-south-1.amazonaws.com/Final_JPG_Images_Ready_To_Upload/crop_header_34/unfiltered_image_57291.jpg
unfiltered_image_57563,https://testoriginalurlimage.s3.ap-south-1.amazonaws.com/Final_JPG_Images_Ready_To_Upload/crop_header_34/unfiltered_image_57563.jpg
unfiltered_image_61085,https://testoriginalurlimage.s3.ap-south-1.amazonaws.com/Final_JPG_Images_Ready_To_Upload/crop_header_34/unfiltered_image_61085.jpg
unfiltered_image_61744,https://testoriginalurlimage.s3.ap-south-1.amazonaws.com/Final_JPG_Images_Ready_To_Upload/crop_header_34/unfiltered_image_61744.640?wx_fmt=jpeg
unfiltered_image_61773,https://testoriginalurlimage.s3.ap-south-1.amazonaws.com/Final_JPG_Images_Ready_To_Upload/crop_header_34/unfiltered_image_61773.jpg
unfiltered_image_62073,https://testoriginalurlimage.s3.ap-south-1.amazonaws.com/Final_JPG_Images_Ready_To_Upload/crop_header_34/unfiltered_image_62073.jpg
unfiltered_image_63472,https://testoriginalurlimage.s3.ap-south-1.amazonaws.com/Final_JPG_Images_Ready_To_Upload/crop_header_34/unfiltered_image_63472.jpg
unfiltered_image_64378,https://testoriginalurlimage.s3.ap-south-1.amazonaws.com/Final_JPG_Images_Ready_To_Upload/crop_header_34/unfiltered_image_64378.jpeg
unfiltered_image_7295,https://testoriginalurlimage.s3.ap-south-1.amazonaws.com/Final_JPG_Images_Ready_To_Upload/crop_header_34/unfiltered_image_7295.jpg
unfiltered_image_7495,https://testoriginalurlimage.s3.ap-south-1.amazonaws.com/Final_JPG_Images_Ready_To_Upload/crop_header_34/unfiltered_image_7495.jpg
unfiltered_image_8787,https://testoriginalurlimage.s3.ap-south-1.amazonaws.com/Final_JPG_Images_Ready_To_Upload/crop_header_34/unfiltered_image_8787.jpg
unfiltered_image_8884,https://testoriginalurlimage.s3.ap-south-1.amazonaws.com/Final_JPG_Images_Ready_To_Upload/crop_header_34/unfiltered_image_8884.jpg
unfiltered_image_9585,https://testoriginalurlimage.s3.ap-south-1.amazonaws.com/Final_JPG_Images_Ready_To_Upload/crop_header_34/unfiltered_image_9585.jpg?resize=683%2c1024
