unfiltered_image_5504,"http://2.bp.blogspot.com/-U94ftPpXmyo/VlL6ik65ZbI/AAAAAAAAbOM/ys0Pj9ZO0mk/s1600/LorenzoMarihighbootsYoinsjacket7.JPG
"
unfiltered_image_5542,"http://2.bp.blogspot.com/-UOLNI29KL_A/Uq_S2KLOqtI/AAAAAAAABXw/hYrA5hvM53w/s1600/IMG_5358.jpg
"
unfiltered_image_5543,"http://2.bp.blogspot.com/-uonHrwx-LrY/VgrTlmymBOI/AAAAAAAAKb0/JD3tjpabT7Y/s1600/Romalos_blog_blue_denim_dress_converse_all_stars_brown_fedora_hat_spanish_fashion_blogger_bucket_bag_3.JPG
"
unfiltered_image_556548,"https://yourstylejourney.files.wordpress.com/2017/08/print.jpeg?w=490
"
unfiltered_image_556549,"https://yourstylejourney.files.wordpress.com/2017/09/00133116-07.jpg?w=503&h=755
"
